Price,Close,High,Low,Open,Volume
Ticker,TSLA-USD,TSLA-USD,TSLA-USD,TSLA-USD,TSLA-USD
Date,,,,,
2020-11-06,1.1091289520263672,1.2000939846038818,0.8268100023269653,1.0461139678955078,111066
2020-11-07,1.0971260070800781,1.2006289958953857,0.8272609710693359,1.1091289520263672,129844
2020-11-08,1.0795120000839233,1.0981429815292358,1.062399983406067,1.0971260070800781,133412
2020-11-09,1.077402949333191,1.080014944076538,1.0708529949188232,1.0795120000839233,182625
2020-11-10,1.07110595703125,1.2007570266723633,0.8273299932479858,1.077402949333191,175186
2020-11-11,1.0749579668045044,1.0802229642868042,1.0624489784240723,1.07110595703125,153266
2020-11-12,1.0727460384368896,1.076841950416565,1.069996953010559,1.0749579668045044,131888
2020-11-13,1.0740419626235962,1.0802559852600098,1.0621360540390015,1.0727460384368896,310593
2020-11-14,1.0651359558105469,1.0745359659194946,1.056494951248169,1.0740410089492798,334127
2020-11-15,1.0619909763336182,1.066809058189392,0.9286149740219116,1.065163016319275,299942
2020-11-16,1.094831943511963,1.0977239608764648,1.06113600730896,1.0619889497756958,492985
2020-11-17,1.1098730564117432,1.1158219575881958,1.0642149448394775,1.0836520195007324,501884
2020-11-18,1.1393170356750488,1.167580008506775,1.0898020267486572,1.1098970174789429,343457
2020-11-19,1.147344946861267,1.1793349981307983,1.115414023399353,1.1393729448318481,452633
2020-11-20,1.1621119976043701,1.1744810342788696,1.1354349851608276,1.1473289728164673,409613
2020-11-21,1.1520940065383911,1.1811929941177368,1.1464810371398926,1.1620190143585205,302416
2020-11-22,1.1508100032806396,1.1618820428848267,1.0629830360412598,1.1521049737930298,407133
2020-11-23,1.1526659727096558,1.1562570333480835,1.062643051147461,1.1507689952850342,489310
2020-11-24,1.1659289598464966,1.1727399826049805,1.1361639499664307,1.153164029121399,414455
2020-11-25,1.1471220254898071,1.1675740480422974,1.0764329433441162,1.1658769845962524,423982
2020-11-26,1.171090006828308,1.223402976989746,1.142730951309204,1.147063970565796,418458
2020-11-27,1.1621739864349365,1.1861259937286377,1.1481950283050537,1.1713320016860962,535174
2020-11-28,1.192229986190796,1.2006089687347412,1.1575030088424683,1.1621719598770142,482988
2020-11-29,1.2196389436721802,1.242527961730957,1.1888580322265625,1.1922229528427124,474266
2020-11-30,1.3015979528427124,1.3263180255889893,1.2196099758148193,1.2196099758148193,626032
2020-12-01,1.3056039810180664,1.3415180444717407,1.2889280319213867,1.3015409708023071,561658
2020-12-02,1.307083010673523,1.3089760541915894,1.2620960474014282,1.305582046508789,570673
2020-12-03,1.3329529762268066,1.3342349529266357,1.2902179956436157,1.3070420026779175,524380
2020-12-04,1.285951018333435,1.3372780084609985,1.1959190368652344,1.3331290483474731,568300
2020-12-05,1.3074979782104492,1.3628909587860107,1.224223017692566,1.284011960029602,609319
2020-12-06,1.3243340253829956,1.326848030090332,1.3019709587097168,1.3077839612960815,539784
2020-12-07,1.320106029510498,1.3306939601898193,1.307939052581787,1.3243930339813232,509293
2020-12-08,1.2932029962539673,1.3230739831924438,1.2913010120391846,1.320011019706726,504380
2020-12-09,1.2888200283050537,1.3504060506820679,1.2387679815292358,1.2932209968566895,542034
2020-12-10,1.2680280208587646,1.3523080348968506,1.109423041343689,1.288403034210205,552760
2020-12-11,1.2339860200881958,1.271886944770813,1.2200369834899902,1.2681130170822144,601489
2020-12-12,1.2783299684524536,1.283318042755127,1.178326964378357,1.233525037765503,605827
2020-12-13,1.3146120309829712,1.3287019729614258,1.1958060264587402,1.2786270380020142,657682
2020-12-14,1.3139499425888062,1.321192979812622,1.2627359628677368,1.314424991607666,620843
2020-12-15,1.2929519414901733,1.3476810455322266,1.2929370403289795,1.3136810064315796,640705
2020-12-16,1.4084800481796265,1.413593053817749,1.2928129434585571,1.2928129434585571,511147
2020-12-17,1.4910210371017456,1.520231008529663,1.2923020124435425,1.4086120128631592,563684
2020-12-18,1.5082579851150513,1.5082579851150513,1.4651169776916504,1.4906500577926636,701972
2020-12-19,1.5254160165786743,1.5487840175628662,1.4864100217819214,1.5087120532989502,707709
2020-12-20,1.5088880062103271,1.586624026298523,1.5011570453643799,1.525635004043579,474966
2020-12-21,1.4744329452514648,1.5287909507751465,1.4434189796447754,1.5071359872817993,830128
2020-12-22,1.4934200048446655,1.5025889873504639,1.4506030082702637,1.4722800254821777,595603
2020-12-23,1.5020860433578491,1.5176949501037598,1.4004290103912354,1.4932620525360107,590882
2020-12-24,1.4907209873199463,1.5016820430755615,1.4694629907608032,1.5014150142669678,693243
2020-12-25,1.5409220457077026,1.6242170333862305,1.4898780584335327,1.4898790121078491,708685
2020-12-26,1.619014024734497,1.6218130588531494,1.5103750228881836,1.5406850576400757,601491
2020-12-27,1.4749269485473633,1.6590219736099243,1.2929999828338623,1.6193310022354126,598141
2020-12-28,1.5424599647521973,1.674659013748169,1.4739749431610107,1.4739749431610107,379112
2020-12-29,1.580839991569519,1.5810270309448242,1.4420959949493408,1.5424540042877197,545560
2020-12-30,1.5972989797592163,1.6247010231018066,1.5799479484558105,1.5808160305023193,509073
2020-12-31,1.601912021636963,1.6339319944381714,1.5830409526824951,1.5975029468536377,611375
2021-01-01,1.6202189922332764,1.6353050470352173,1.5954159498214722,1.6019140481948853,793531
2021-01-02,1.6548739671707153,1.687641978263855,1.6134259700775146,1.6204689741134644,1038245
2021-01-03,1.7580909729003906,1.8692289590835571,1.6179699897766113,1.6564120054244995,761710
2021-01-04,1.7353639602661133,1.7841769456863403,1.610044002532959,1.759248971939087,787207
2021-01-05,1.8175079822540283,1.8312170505523682,1.6822179555892944,1.7354480028152466,772908
2021-01-06,1.9474600553512573,1.9580579996109009,1.7958580255508423,1.8162750005722046,898296
2021-01-07,2.082274913787842,2.0966169834136963,1.9314730167388916,1.946539044380188,952615
2021-01-08,2.128257989883423,2.2945330142974854,1.705219030380249,2.082756996154785,977638
2021-01-09,2.119088888168335,2.2683770656585693,2.0815589427948,2.128288984298706,898555
2021-01-10,2.0054008960723877,2.2473039627075195,1.6544560194015503,2.1191349029541016,631992
2021-01-11,1.9542789459228516,2.130300998687744,1.6043510437011719,2.0049469470977783,901921
2021-01-12,1.8518489599227905,2.206965923309326,1.823639988899231,1.9552329778671265,920577
2021-01-13,1.810001015663147,1.9256139993667603,1.765841007232666,1.852890968322754,913800
2021-01-14,1.8731529712677002,1.8996540307998657,1.6673150062561035,1.8104710578918457,822650
2021-01-15,1.772737979888916,2.036724090576172,1.7229739427566528,1.8731069564819336,906142
2021-01-16,1.7191070318222046,1.82920503616333,1.5603660345077515,1.7748329639434814,748964
2021-01-17,1.6776679754257202,1.7287579774856567,1.5007120370864868,1.7188639640808105,653626
2021-01-18,1.703758955001831,1.709723949432373,1.6475780010223389,1.6780329942703247,819009
2021-01-19,1.6690939664840698,1.7120469808578491,1.4150539636611938,1.701799988746643,389505
2021-01-20,1.5859090089797974,1.946328043937683,1.1572949886322021,1.666741967201233,1121025
2021-01-21,1.6313680410385132,1.6568390130996704,1.5585379600524902,1.5843490362167358,1068129
2021-01-22,1.6363149881362915,1.674090027809143,1.614611029624939,1.6298569440841675,782874
2021-01-23,1.6281960010528564,1.819767951965332,1.5887320041656494,1.6379029750823975,1159307
2021-01-24,1.6037119626998901,1.65031099319458,1.3870630264282227,1.6283040046691895,1060582
2021-01-25,1.6291300058364868,1.7399569749832153,1.6036180257797241,1.6036180257797241,1138170
2021-01-26,1.6584559679031372,1.6695430278778076,1.608299970626831,1.6291090250015259,927996
2021-01-27,1.5487840175628662,1.6584110260009766,1.4765340089797974,1.6584110260009766,825208
2021-01-28,1.5462449789047241,1.6075400114059448,1.4156080484390259,1.5503009557724,683252
2021-01-29,1.58896005153656,1.7681729793548584,1.5176440477371216,1.5477039813995361,1071889
2021-01-30,1.5766630172729492,1.6767009496688843,1.425881028175354,1.590675950050354,1223321
2021-01-31,1.5787819623947144,1.61279296875,1.5347800254821777,1.5756080150604248,879628
2021-02-01,1.6026300191879272,1.6327630281448364,1.5496670007705688,1.5780160427093506,895977
2021-02-02,1.6333240270614624,1.6724050045013428,1.5511239767074585,1.602444052696228,1216644
2021-02-03,1.6479179859161377,1.6880450248718262,1.5700290203094482,1.6330300569534302,1093372
2021-02-04,1.6627639532089233,1.709069013595581,1.6036479473114014,1.648380994796753,1091641
2021-02-05,1.702420949935913,1.702420949935913,1.6574259996414185,1.6625150442123413,1503259
2021-02-06,1.6719540357589722,1.7538009881973267,1.585571050643921,1.7042549848556519,1603292
2021-02-07,1.6666769981384277,1.7151620388031006,1.6288219690322876,1.672813057899475,1111972
2021-02-08,1.7604459524154663,1.814039945602417,1.6298589706420898,1.6665890216827393,1334261
2021-02-09,1.8055330514907837,1.9235130548477173,1.6093770265579224,1.7615410089492798,1376345
2021-02-10,1.8350369930267334,2.0174059867858887,1.7997479438781738,1.8055139780044556,1424304
2021-02-11,1.8840689659118652,1.9847049713134766,1.825801968574524,1.83583402633667,1387948
2021-02-12,1.8449950218200684,2.0162839889526367,1.8287179470062256,1.884511947631836,1417012
2021-02-13,1.8739190101623535,1.8890600204467773,1.8385900259017944,1.844473958015442,1575078
2021-02-14,1.8646550178527832,1.9051769971847534,1.6630549430847168,1.873810052871704,1199384
2021-02-15,1.817270040512085,1.897549033164978,1.7448979616165161,1.8647749423980713,1514063
2021-02-16,1.8681780099868774,1.920343041419983,1.6985399723052979,1.8173309564590454,1643331
2021-02-17,1.914612054824829,1.9246790409088135,1.7723510265350342,1.868096947669983,1639494
2021-02-18,2.004940986633301,2.004940986633301,1.7820290327072144,1.9144749641418457,1663773
2021-02-19,2.0968339443206787,2.1030728816986084,1.8730759620666504,2.0046069622039795,1811632
2021-02-20,2.1772749423980713,2.221506118774414,2.0013210773468018,2.096592903137207,1769703
2021-02-21,2.2851369380950928,2.3274359703063965,2.163724899291992,2.1767630577087402,1939792
2021-02-22,2.324894905090332,2.586890935897827,2.127063035964966,2.286026954650879,1449960
2021-02-23,2.212307929992676,2.3485169410705566,1.996216058731079,2.3246309757232666,1627048
2021-02-24,2.2951409816741943,2.593553066253662,2.1702730655670166,2.2125799655914307,2120341
2021-02-25,2.363050937652588,2.6289610862731934,2.295088052749634,2.295320987701416,2232443
2021-02-26,1.848449945449829,2.4425899982452393,1.6706769466400146,2.362133026123047,1722282
2021-02-27,1.8073710203170776,1.9109469652175903,1.7430959939956665,1.8486499786376953,1445166
2021-02-28,1.6846719980239868,1.85139000415802,1.54482901096344,1.8069570064544678,1012837
2021-03-01,1.686305046081543,1.7411450147628784,1.573153018951416,1.6848349571228027,1123968
2021-03-02,1.6488770246505737,1.7119239568710327,1.6366620063781738,1.6865730285644531,1398705
2021-03-03,1.772536039352417,1.7812349796295166,1.64724600315094,1.648967981338501,1476156
2021-03-04,1.7694859504699707,1.7885730266571045,1.6764620542526245,1.7715950012207031,1578221
2021-03-05,1.7794400453567505,1.779613971710205,1.7179189920425415,1.7694259881973267,1822862
2021-03-06,1.7239960432052612,1.7861239910125732,1.7171950340270996,1.7793049812316895,1548638
2021-03-07,1.7504990100860596,1.7540730237960815,1.6656240224838257,1.7238719463348389,1859079
2021-03-08,1.762639045715332,1.7707560062408447,1.7369840145111084,1.7505160570144653,1892387
2021-03-09,1.7775390148162842,1.7968850135803223,1.7504019737243652,1.7626789808273315,1943211
2021-03-10,1.75034499168396,1.8057550191879272,1.7407759428024292,1.7782200574874878,317943
2021-03-11,1.7917859554290771,1.8460819721221924,1.7348840236663818,1.7495169639587402,960227
2021-03-12,1.7887799739837646,1.817402958869934,1.7421900033950806,1.7918410301208496,2002365
2021-03-13,1.8451299667358398,1.8731689453125,1.7473219633102417,1.788369059562683,1669722
2021-03-14,1.826640009880066,1.8537980318069458,1.8176440000534058,1.8450889587402344,1186232
2021-03-15,1.764091968536377,1.8412710428237915,1.7425459623336792,1.8248560428619385,1707343
2021-03-16,1.8101940155029297,1.8382409811019897,1.7388360500335693,1.7641210556030273,2251888
2021-03-17,1.8393570184707642,1.8474639654159546,1.746798038482666,1.8105210065841675,2216938
2021-03-18,1.8331400156021118,1.8719840049743652,1.7546590566635132,1.8397040367126465,2176160
2021-03-19,1.7224739789962769,1.8332040309906006,1.6715229749679565,1.833130955696106,1167630
2021-03-20,1.7470309734344482,1.7966569662094116,1.6410670280456543,1.7225029468536377,1948684
2021-03-21,1.7657170295715332,1.8011130094528198,1.6953680515289307,1.7467139959335327,2214670
2021-03-22,1.677616000175476,1.7685749530792236,1.6137540340423584,1.7659339904785156,2114743
2021-03-23,1.664612054824829,1.69541597366333,1.5485299825668335,1.6775829792022705,1526377
2021-03-24,1.6253479719161987,1.7216370105743408,1.5832589864730835,1.6644259691238403,1697613
2021-03-25,1.5769109725952148,1.6765660047531128,1.5319429636001587,1.62539803981781,1746842
2021-03-26,1.5770130157470703,1.5920259952545166,1.5632660388946533,1.5768049955368042,2035221
2021-03-27,1.6086159944534302,1.6448489427566528,1.5392600297927856,1.5771780014038086,1962708
2021-03-28,1.6290149688720703,1.644997000694275,1.5768259763717651,1.6085820198059082,1808755
2021-03-29,1.6084890365600586,1.7957730293273926,1.5518759489059448,1.6288880109786987,2056175
2021-03-30,1.6002429723739624,1.782112956047058,1.5408129692077637,1.6084810495376587,1739566
2021-03-31,1.5935649871826172,1.814640998840332,1.5751179456710815,1.600314974784851,2072443
2021-04-01,1.5697020292282104,1.6159640550613403,1.5320179462432861,1.5935519933700562,1420725
2021-04-02,1.5104479789733887,1.6164849996566772,1.502776026725769,1.569471001625061,1783697
2021-04-03,1.4860010147094727,1.5206869840621948,1.3249839544296265,1.510457992553711,2121644
2021-04-04,1.5156840085983276,1.5779739618301392,1.441161036491394,1.485666036605835,826350
2021-04-05,1.5230940580368042,1.5736500024795532,1.37050199508667,1.5158430337905884,1798931
2021-04-06,1.5006630420684814,1.532696008682251,1.488284945487976,1.5246490240097046,1629227
2021-04-07,1.4980909824371338,1.549720048904419,1.305387020111084,1.500251054763794,2970303
2021-04-08,1.5184309482574463,1.51876699924469,1.488394021987915,1.4964720010757446,0
2021-04-09,1.5181599855422974,1.5270830392837524,1.512384057044983,1.5185660123825073,0
2021-04-10,1.5508370399475098,1.557433009147644,1.5154939889907837,1.5182080268859863,429529
2021-04-11,1.5667599439620972,1.5728679895401,1.528154969215393,1.550874948501587,1783669
2021-04-12,1.5655039548873901,2.4741458892822266,0.5058310031890869,1.5666190385818481,1666472
2021-04-13,1.3277239799499512,1.9093149900436401,1.294530987739563,1.565140962600708,535225
2021-04-14,1.3885929584503174,1.4108959436416626,1.260138988494873,1.3266730308532715,395483
2021-04-15,1.2683680057525635,1.3951090574264526,1.1457469463348389,1.3890130519866943,391805
2021-04-16,1.1847699880599976,1.3225849866867065,0.9410449862480164,1.2685110569000244,285418
2021-04-17,1.1390399932861328,1.3128550052642822,0.9815809726715088,1.1839439868927002,238461
2021-04-18,1.039059042930603,1.1421699523925781,0.8996649980545044,1.1387519836425781,152278
2021-04-19,0.619172990322113,1.09695303440094,0.5411930084228516,1.0389020442962646,230379
2021-04-20,0.6178249716758728,0.6818519830703735,0.526216983795166,0.6188369989395142,167362
2021-04-21,0.6052600145339966,0.7490389943122864,0.6004980206489563,0.6181420087814331,179902
2021-04-22,0.5952709913253784,0.6254100203514099,0.5243260264396667,0.6052669882774353,176191
2021-04-23,0.5863569974899292,0.596651017665863,0.5311880111694336,0.5951370000839233,212388
2021-04-24,0.5882970094680786,0.6654930114746094,0.5710279941558838,0.5863469839096069,212250
2021-04-25,0.5892099738121033,0.5967839956283569,0.5079309940338135,0.5881739854812622,241065
2021-04-26,0.5904889702796936,0.6199960112571716,0.5765759944915771,0.5891839861869812,231956
2021-04-27,0.5968359708786011,0.6015139818191528,0.5184820294380188,0.5906590223312378,177529
2021-04-28,0.5917209982872009,0.6046169996261597,0.5214269757270813,0.5972099900245667,187691
2021-04-29,0.5710729956626892,0.5988669991493225,0.5230270028114319,0.5917890071868896,201447
2021-04-30,0.5922189950942993,0.5929470062255859,0.5689330101013184,0.5709819793701172,0
2021-05-01,0.5925800204277039,0.5958529710769653,0.588450014591217,0.592136025428772,0
2021-05-02,0.5861799716949463,0.592972993850708,0.5836290121078491,0.5925779938697815,0
2021-05-03,0.5890589952468872,0.5986559987068176,0.5859730243682861,0.5862389802932739,0
2021-05-04,0.568481981754303,0.5892720222473145,0.5680199861526489,0.589264988899231,0
2021-05-05,0.5905399918556213,0.5929949879646301,0.566769003868103,0.5687069892883301,0
2021-05-06,0.5847780108451843,0.5953999757766724,0.5796189904212952,0.5904409885406494,0
2021-05-07,0.5899609923362732,0.5966489911079407,0.5793030261993408,0.5849369764328003,0
2021-05-08,0.5977680087089539,0.601203978061676,0.5880489945411682,0.5900930166244507,0
2021-05-09,0.5946969985961914,0.5999289751052856,0.5854629874229431,0.598131000995636,0
2021-05-10,0.5819550156593323,0.6014549732208252,0.57259601354599,0.5948039889335632,0
2021-05-11,0.5866590142250061,0.5874750018119812,0.5754870176315308,0.5821509957313538,0
2021-05-12,0.5506010055541992,0.5931289792060852,0.5506010055541992,0.5865809917449951,0
2021-05-13,0.5496469736099243,0.5581449866294861,0.5350639820098877,0.5465450286865234,0
2021-05-14,0.5503299832344055,0.5586730241775513,0.5450569987297058,0.5495070219039917,0
2021-05-15,0.534080982208252,0.554423987865448,0.5333099961280823,0.5504059791564941,0
2021-05-16,0.5323749780654907,0.5495190024375916,0.5190659761428833,0.5338249802589417,0
2021-05-17,0.3140529990196228,0.5331900119781494,0.22361600399017334,0.532256007194519,69720
2021-05-18,0.3132160007953644,0.32773399353027344,0.28590598702430725,0.3145419955253601,60696
2021-05-19,0.2889710068702698,0.315650999546051,0.23098500072956085,0.3129209876060486,57511
2021-05-20,0.3354310095310211,0.34526899456977844,0.22319099307060242,0.28833699226379395,63068
2021-05-21,0.3000189960002899,0.3419719934463501,0.2207069993019104,0.33608299493789673,65447
2021-05-22,0.29889899492263794,0.30507299304008484,0.23081199824810028,0.3000530004501343,66586
2021-05-23,0.2798739969730377,0.30256399512290955,0.24113799631595612,0.2989709973335266,46243
2021-05-24,0.270579993724823,0.38010698556900024,0.2191839963197708,0.27966201305389404,59250
2021-05-25,0.2634339928627014,0.27664700150489807,0.24359199404716492,0.27077698707580566,54828
2021-05-26,0.29199299216270447,0.29201701283454895,0.2632400095462799,0.2637479901313782,59433
2021-05-27,0.2933860123157501,0.30415600538253784,0.27361199259757996,0.2919119894504547,59642
2021-05-28,0.2953679859638214,0.30744698643684387,0.2721770107746124,0.29339599609375,69914
2021-05-29,0.2885800004005432,0.29848700761795044,0.26917099952697754,0.295430988073349,62077
2021-05-30,0.2878510057926178,0.298348993062973,0.26719799637794495,0.28871798515319824,65363
2021-05-31,0.3053399920463562,0.307422012090683,0.27824199199676514,0.28793901205062866,75721
2021-06-01,0.3111630082130432,0.32178398966789246,0.2960369884967804,0.3054249882698059,54941
2021-06-02,0.33413800597190857,0.3343780040740967,0.3050059974193573,0.3112579882144928,28775
2021-06-03,0.3551909923553467,0.39222198724746704,0.324086993932724,0.33400699496269226,92149
2021-06-04,0.34231698513031006,0.3555369973182678,0.29736900329589844,0.3553909957408905,92559
2021-06-05,0.33543598651885986,0.36976000666618347,0.308459997177124,0.3422130048274994,108832
2021-06-06,0.34563499689102173,0.3478580117225647,0.323419988155365,0.3354189991950989,122194
2021-06-07,0.33487099409103394,0.374208003282547,0.3289499878883362,0.3456740081310272,71179
2021-06-08,0.3294770121574402,0.35065901279449463,0.2721189856529236,0.33461201190948486,84322
2021-06-09,0.3204149901866913,0.3299790024757385,0.2524990141391754,0.3294439911842346,86489
2021-06-10,0.31897398829460144,0.3299480080604553,0.31256601214408875,0.3206709921360016,82311
2021-06-11,0.3199790120124817,0.3295699954032898,0.2799290120601654,0.3190020024776459,82103
2021-06-12,0.3125289976596832,0.32103800773620605,0.275765985250473,0.32023701071739197,68978
2021-06-13,0.33618199825286865,0.3407450020313263,0.31168699264526367,0.31269899010658264,63739
2021-06-14,0.344186007976532,0.3487110137939453,0.3297179937362671,0.33620399236679077,65458
2021-06-15,0.34134501218795776,0.34742501378059387,0.32276099920272827,0.3436509966850281,70711
2021-06-16,0.34224799275398254,0.3476490080356598,0.31539198756217957,0.34293100237846375,94282
2021-06-17,0.3434619903564453,0.34452301263809204,0.303862988948822,0.3422679901123047,0
2021-06-18,0.337348997592926,0.3439840078353882,0.322860985994339,0.3434700071811676,106101
2021-06-19,0.3379000127315521,0.34364500641822815,0.32249900698661804,0.33737900853157043,89646
2021-06-20,0.33726000785827637,0.3416979908943176,0.32612699270248413,0.3379949927330017,105583
2021-06-21,0.3111329972743988,0.33723199367523193,0.193012997508049,0.337119996547699,92726
2021-06-22,0.30900299549102783,0.317018985748291,0.21181300282478333,0.3113659918308258,95836
2021-06-23,0.30872899293899536,0.3202579915523529,0.20531399548053741,0.3091680109500885,92936
2021-06-24,0.3109619915485382,0.4250999987125397,0.3034780025482178,0.3151110112667084,87648
2021-06-25,0.3132469952106476,0.31682899594306946,0.2996929883956909,0.3108859956264496,91292
2021-06-26,0.3194580078125,0.3194580078125,0.2897079885005951,0.3131749927997589,90902
2021-06-27,0.3143649995326996,0.328561007976532,0.3039030134677887,0.31989699602127075,78676
2021-06-28,0.31276699900627136,0.3154659867286682,0.3079870045185089,0.3145830035209656,75446
2021-06-29,0.3092080056667328,0.3455510139465332,0.30885300040245056,0.3126559853553772,90864
2021-06-30,0.31258299946784973,0.34922298789024353,0.3041349947452545,0.3089430034160614,88048
2021-07-01,0.30516499280929565,0.31693100929260254,0.3028219938278198,0.3126159906387329,76522
2021-07-02,0.3070560097694397,0.30722200870513916,0.29060500860214233,0.30532899498939514,62967
2021-07-03,0.30781999230384827,0.31342801451683044,0.2964920103549957,0.3070389926433563,73020
2021-07-04,0.3081969916820526,0.34732499718666077,0.2940889894962311,0.3078039884567261,78796
2021-07-05,0.3099460005760193,0.3146600127220154,0.27211400866508484,0.3082509934902191,74785
2021-07-06,0.3109839856624603,0.3167569935321808,0.30455300211906433,0.3095960021018982,62749
2021-07-07,0.30908700823783875,0.3190790116786957,0.30908700823783875,0.31114599108695984,71261
2021-07-08,0.3128899931907654,0.31805598735809326,0.22492699325084686,0.30917200446128845,67986
2021-07-09,0.31953299045562744,0.3228980004787445,0.3103390038013458,0.31304898858070374,67562
2021-07-10,0.3260290026664734,0.32935601472854614,0.3182219862937927,0.31919899582862854,68952
2021-07-11,0.3256340026855469,0.32958799600601196,0.3225040137767792,0.32607799768447876,76098
2021-07-12,0.3193190097808838,0.329818993806839,0.316754013299942,0.3256480097770691,65852
2021-07-13,0.31560298800468445,0.32163798809051514,0.3087790012359619,0.3193010091781616,94060
2021-07-14,0.3110249936580658,0.3167229890823364,0.30352500081062317,0.3156149983406067,61094
2021-07-15,0.3031289875507355,0.3146190047264099,0.27103298902511597,0.31101301312446594,61020
2021-07-16,0.306986004114151,0.31214800477027893,0.29270198941230774,0.30348798632621765,69381
2021-07-17,0.3049669861793518,0.31000199913978577,0.30318599939346313,0.30695199966430664,67947
2021-07-18,0.3080590069293976,0.3083980083465576,0.3031260073184967,0.30500099062919617,65439
2021-07-19,0.2987860143184662,0.3083699941635132,0.2975020110607147,0.3081049919128418,65956
2021-07-20,0.2996929883956909,0.3032200038433075,0.2811090052127838,0.2987940013408661,65621
2021-07-21,0.30730101466178894,0.3110080063343048,0.2802259922027588,0.2996689975261688,70310
2021-07-22,0.31707900762557983,0.3229280114173889,0.2897520065307617,0.3073129951953888,66188
2021-07-23,0.31686699390411377,0.3561759889125824,0.3111090064048767,0.3170349895954132,82941
2021-07-24,0.31743600964546204,0.32302799820899963,0.31273800134658813,0.31697601079940796,62743
2021-07-25,0.3248780071735382,0.3249419927597046,0.3143810033798218,0.31751900911331177,63344
2021-07-26,0.31682100892066956,0.34381499886512756,0.31350499391555786,0.32487499713897705,71020
2021-07-27,0.32533401250839233,0.3419390022754669,0.23662500083446503,0.3166860044002533,63088
2021-07-28,0.3207620084285736,0.32827699184417725,0.31801900267601013,0.3253999948501587,44208
2021-07-29,0.32228100299835205,0.3258109986782074,0.31726598739624023,0.3206770122051239,67137
2021-07-30,0.3373279869556427,0.3373749852180481,0.2778399884700775,0.3223479986190796,64976
2021-07-31,0.34681400656700134,0.3684050142765045,0.2918730080127716,0.3377549946308136,70646
2021-08-01,0.33323100209236145,0.3474520146846771,0.3180130124092102,0.34646299481391907,69893
2021-08-02,0.3225969970226288,0.33624300360679626,0.32040101289749146,0.33284899592399597,76006
2021-08-03,0.31696799397468567,0.3249109983444214,0.31505998969078064,0.3226970136165619,60635
2021-08-04,0.3230130076408386,0.32482901215553284,0.31074100732803345,0.3172140121459961,57449
2021-08-05,0.3163459897041321,0.4286470115184784,0.27023300528526306,0.3229230046272278,60606
2021-08-06,0.3274190127849579,0.33990800380706787,0.28334900736808777,0.31634199619293213,74609
2021-08-07,0.33508801460266113,0.3351219892501831,0.2875019907951355,0.32714900374412537,69223
2021-08-08,0.3270750045776367,0.3373970091342926,0.32177698612213135,0.3346090018749237,67670
2021-08-09,0.33038800954818726,0.3454599976539612,0.2938059866428375,0.32725799083709717,59704
2021-08-10,0.32061201333999634,0.3389660120010376,0.29440000653266907,0.3307879865169525,55732
2021-08-11,0.32255199551582336,0.3276660144329071,0.29107600450515747,0.3206929862499237,58038
2021-08-12,0.32136601209640503,0.3253830075263977,0.31682801246643066,0.3223400115966797,58457
2021-08-13,0.3218199908733368,0.3240790069103241,0.29630300402641296,0.32135000824928284,82998
2021-08-14,0.32911500334739685,0.3315170109272003,0.31990501284599304,0.3217040002346039,71667
2021-08-15,0.3251110017299652,0.33202698826789856,0.2987920045852661,0.32918500900268555,64646
2021-08-16,0.3135179877281189,0.332612007856369,0.27870500087738037,0.32497599720954895,61612
2021-08-17,0.31599700450897217,0.32290899753570557,0.31182798743247986,0.313383013010025,63181
2021-08-18,0.3165000081062317,0.3284280002117157,0.3129099905490875,0.31598201394081116,65752
2021-08-19,0.319815993309021,0.3226970136165619,0.3128510117530823,0.31640300154685974,71022
2021-08-20,0.3232539892196655,0.3298340141773224,0.3179810047149658,0.3198539912700653,83021
2021-08-21,0.3222239911556244,0.32893699407577515,0.3181929886341095,0.32326599955558777,63455
2021-08-22,0.3241890072822571,0.3282549977302551,0.29233700037002563,0.3221690058708191,72399
2021-08-23,0.3181079924106598,0.3248159885406494,0.3143649995326996,0.3241569995880127,60813
2021-08-24,0.3143709897994995,0.3218959867954254,0.3059070110321045,0.3181470036506653,58247
2021-08-25,0.3186349868774414,0.32278600335121155,0.3068409860134125,0.3142000138759613,58642
2021-08-26,0.3140380084514618,0.3299019932746887,0.3038310110569,0.31864801049232483,63597
2021-08-27,0.30917200446128845,0.3168399930000305,0.297544002532959,0.3140290081501007,44023
2021-08-28,0.3131760060787201,0.31756800413131714,0.26369398832321167,0.3093000054359436,63233
2021-08-29,0.3174700140953064,0.320609986782074,0.3063180148601532,0.31317898631095886,61328
2021-08-30,0.31067198514938354,0.32821398973464966,0.28369298577308655,0.31747400760650635,62442
2021-08-31,0.30694401264190674,0.31415900588035583,0.2924099862575531,0.3106729984283447,65442
2021-09-01,0.31186699867248535,0.3140699863433838,0.2828499972820282,0.306769996881485,63717
2021-09-02,0.31831100583076477,0.3208000063896179,0.31022000312805176,0.3118189871311188,54173
2021-09-03,0.31218498945236206,0.31825101375579834,0.3008280098438263,0.31825101375579834,54129
2021-09-04,0.31091099977493286,0.31213998794555664,0.30095401406288147,0.31213998794555664,48073
2021-09-05,0.3158319890499115,0.3166170120239258,0.30049100518226624,0.3108859956264496,53976
2021-09-06,0.3212360143661499,0.3292340040206909,0.3043980002403259,0.3158409893512726,51580
2021-09-07,0.28748100996017456,0.32228899002075195,0.28068000078201294,0.32128098607063293,47462
2021-09-08,0.284606009721756,0.29422199726104736,0.283502995967865,0.28742700815200806,47213
2021-09-09,0.2920970022678375,0.30459699034690857,0.2589060068130493,0.28384700417518616,55161
2021-09-10,0.2939920127391815,0.29902398586273193,0.2906390130519867,0.29211100935935974,51826
2021-09-11,0.2921769917011261,0.2974579930305481,0.2908650040626526,0.2940390110015869,54210
2021-09-12,0.29450899362564087,0.2985219955444336,0.29125601053237915,0.29222801327705383,51208
2021-09-13,0.28774499893188477,0.29571399092674255,0.28402501344680786,0.294404000043869,55802
2021-09-14,0.2908110022544861,0.2966409921646118,0.2835659980773926,0.2877190113067627,57681
2021-09-15,0.29874899983406067,0.29958799481391907,0.2873449921607971,0.2908569872379303,58311
2021-09-16,0.2950499951839447,0.2988170087337494,0.2868860065937042,0.29877498745918274,48738
2021-09-17,0.29292500019073486,0.300231009721756,0.27200600504875183,0.2950829863548279,57399
2021-09-18,0.29879000782966614,0.29967600107192993,0.2918179929256439,0.29305198788642883,55497
2021-09-19,0.2939229905605316,0.2993839979171753,0.2912159860134125,0.29889100790023804,51860
2021-09-20,0.28316599130630493,0.2942560017108917,0.2646070122718811,0.29388800263404846,53555
2021-09-21,0.2733829915523529,0.28731200098991394,0.27112001180648804,0.28303200006484985,47476
2021-09-22,0.2885890007019043,0.28863200545310974,0.27367401123046875,0.2738350033760071,41113
2021-09-23,0.2913210093975067,0.2952969968318939,0.28777700662612915,0.2885580062866211,53281
2021-09-24,0.2781960070133209,0.29244500398635864,0.2632029950618744,0.29130300879478455,52781
2021-09-25,0.2809540033340454,0.2847200036048889,0.26677998900413513,0.2781910002231598,51441
2021-09-26,0.27671900391578674,0.2829360067844391,0.2646690011024475,0.2809549868106842,31178
2021-09-27,0.2747640013694763,0.2841370105743408,0.266184002161026,0.27662599086761475,49815
2021-09-28,0.27114400267601013,0.2776170074939728,0.2581320106983185,0.27476298809051514,53336
2021-09-29,0.27028200030326843,0.2768220007419586,0.26728999614715576,0.27132099866867065,43559
2021-09-30,0.2798460125923157,0.30157598853111267,0.22715100646018982,0.27037400007247925,54815
2021-10-01,0.2815439999103546,0.28565698862075806,0.23109599947929382,0.2798829972743988,55086
2021-10-02,0.28095000982284546,0.2847509980201721,0.26176801323890686,0.28147900104522705,57547
2021-10-03,0.28057798743247986,0.2832449972629547,0.27155300974845886,0.2808699905872345,58629
2021-10-04,0.2782149910926819,0.28294500708580017,0.2693130075931549,0.2805899977684021,51436
2021-10-05,0.28007999062538147,0.2853600084781647,0.2603360116481781,0.27821698784828186,50279
2021-10-06,0.28859299421310425,0.33511900901794434,0.26805999875068665,0.2801400125026703,56283
2021-10-07,0.2839379906654358,0.2902339994907379,0.2771269977092743,0.2884890139102936,58017
2021-10-08,0.27606698870658875,0.28614598512649536,0.27321699261665344,0.28394800424575806,47306
2021-10-09,0.27140700817108154,0.2786490023136139,0.26289400458335876,0.2761079967021942,49494
2021-10-10,0.27729400992393494,0.2823820114135742,0.2706739902496338,0.27141299843788147,58515
2021-10-11,0.3354269862174988,0.3354380130767822,0.275985985994339,0.27721700072288513,70129
2021-10-12,0.41995200514793396,0.42068299651145935,0.3315599858760834,0.3355009853839874,118528
2021-10-13,0.45278701186180115,0.4542509913444519,0.35316500067710876,0.4198969900608063,167588
2021-10-14,0.4839310050010681,0.4840179979801178,0.4365299940109253,0.4527300000190735,347446
2021-10-15,0.5598999857902527,0.5621020197868347,0.4836049973964691,0.4839020073413849,496325
2021-10-16,0.5498059988021851,0.5723369717597961,0.4848029911518097,0.5598250031471252,382887
2021-10-17,0.5579259991645813,0.5825620293617249,0.5364829897880554,0.5498179793357849,408346
2021-10-18,0.5575860142707825,0.5909450054168701,0.5447329878807068,0.5578709840774536,379739
2021-10-19,0.560554027557373,0.5625870227813721,0.5391470193862915,0.557574987411499,380478
2021-10-20,0.5856099724769592,0.5886989831924438,0.554747998714447,0.560575008392334,409711
2021-10-21,0.6139649748802185,0.6515370011329651,0.5834149718284607,0.5856170058250427,495278
2021-10-22,0.5910059809684753,0.6331580281257629,0.5859910249710083,0.6139379739761353,454731
2021-10-23,0.627140998840332,0.6800510287284851,0.5614489912986755,0.5909789800643921,390494
2021-10-24,0.6057559847831726,0.6274889707565308,0.5894669890403748,0.6272050142288208,353882
2021-10-25,0.560837984085083,0.6164479851722717,0.5353010296821594,0.6056519746780396,376129
2021-10-26,0.6053609848022461,0.610152006149292,0.5565800070762634,0.5608339905738831,336036
2021-10-27,0.6324520111083984,0.6454809904098511,0.5796129703521729,0.6054080128669739,363534
2021-10-28,0.6825469732284546,0.6989629864692688,0.6276360154151917,0.6323009729385376,525098
2021-10-29,0.7704520225524902,0.8421909809112549,0.6205620169639587,0.6825979948043823,417954
2021-10-30,0.8747010231018066,0.8994110226631165,0.7612159848213196,0.7703959941864014,412721
2021-10-31,0.9019610285758972,0.9280989766120911,0.8593770265579224,0.875482976436615,317313
2021-11-01,0.9864199757575989,1.0897860527038574,0.822052001953125,0.9019529819488525,1309087
2021-11-02,0.9173499941825867,0.9874860048294067,0.7970209717750549,0.9863349795341492,1496296
2021-11-03,0.9395670294761658,0.9965329766273499,0.8820329904556274,0.9174039959907532,1750889
2021-11-04,0.9903889894485474,1.2039380073547363,0.9022619724273682,0.9395610094070435,1793786
2021-11-05,1.109192967414856,1.236279010772705,0.9312859773635864,0.9902650117874146,2177381
2021-11-06,1.1561919450759888,1.1655579805374146,1.1037989854812622,1.109207034111023,2391609
2021-11-07,1.1552759408950806,1.1946109533309937,1.147771954536438,1.156358003616333,2616315
2021-11-08,1.1482570171356201,1.2495850324630737,1.1182760000228882,1.1553449630737305,2170382
2021-11-09,1.186905026435852,1.2269519567489624,1.1207189559936523,1.1482239961624146,2382098
2021-11-10,1.1107399463653564,1.18982994556427,1.0852680206298828,1.186959981918335,2390425
2021-11-11,1.0642110109329224,1.1193519830703735,1.0601099729537964,1.1108109951019287,2418681
2021-11-12,1.1053489446640015,1.1135540008544922,1.0509320497512817,1.0631530284881592,2792397
2021-11-13,1.1049909591674805,1.124479055404663,1.0514800548553467,1.1064850091934204,2051393
2021-11-14,1.1187150478363037,1.1251460313796997,1.0503809452056885,1.1049100160598755,2558659
2021-11-15,1.0774500370025635,1.1195909976959229,1.0503180027008057,1.1189229488372803,2442485
2021-11-16,1.0844000577926636,1.1106669902801514,1.0438400506973267,1.0789610147476196,2478207
2021-11-17,1.087556004524231,1.118399977684021,1.0649100542068481,1.0841909646987915,2401936
2021-11-18,1.0519510507583618,1.1094379425048828,1.012565016746521,1.0874749422073364,2913157
2021-11-19,1.1158939599990845,1.1523569822311401,1.0433670282363892,1.0518649816513062,2315546
2021-11-20,1.1549220085144043,1.1562780141830444,1.0585219860076904,1.1156940460205078,2193084
2021-11-21,1.1053359508514404,1.1558970212936401,1.1000560522079468,1.1548700332641602,2199423
2021-11-22,1.1694749593734741,1.195472002029419,1.0557149648666382,1.105002999305725,2320818
2021-11-23,1.1592320203781128,1.1799750328063965,1.1520849466323853,1.1694220304489136,2553357
2021-11-24,1.1502000093460083,1.191504955291748,1.1494419574737549,1.1590100526809692,2529684
2021-11-25,1.1760449409484863,1.1890840530395508,1.1585689783096313,1.1702489852905273,2463786
2021-11-26,1.1682590246200562,1.1892759799957275,1.1649320125579834,1.1702330112457275,2198832
2021-11-27,1.1696350574493408,1.1796530485153198,1.166653037071228,1.1680610179901123,2121483
2021-11-28,1.1753510236740112,1.181069016456604,1.166975975036621,1.1702769994735718,2277827
2021-11-29,1.1690160036087036,1.1795790195465088,1.1656980514526367,1.1752409934997559,2483192
2021-11-30,1.1713340282440186,1.1879849433898926,1.1577420234680176,1.168774962425232,2480710
2021-12-01,1.1787569522857666,1.1892520189285278,1.169985055923462,1.1713130474090576,2835301
2021-12-02,1.1962569952011108,1.1995619535446167,1.1785650253295898,1.178725004196167,2475058
2021-12-03,1.1968990564346313,1.2112720012664795,1.1848939657211304,1.1971960067749023,2444181
2021-12-04,1.1819729804992676,1.2093729972839355,1.1730380058288574,1.1968109607696533,2092915
2021-12-05,1.1682649850845337,1.2081489562988281,1.155060052871704,1.1819100379943848,2115992
2021-12-06,1.1824469566345215,1.2538310289382935,1.1634440422058105,1.1684060096740723,2905027
2021-12-07,1.2133920192718506,1.2540600299835205,1.1812169551849365,1.1830129623413086,2635855
2021-12-08,1.2475440502166748,1.2640290260314941,1.169234037399292,1.213338017463684,1300162
2021-12-09,1.229833960533142,1.2507779598236084,1.1784720420837402,1.2462639808654785,700377
2021-12-10,1.3076790571212769,1.3215550184249878,1.226802945137024,1.2298799753189087,848160
2021-12-11,1.3273309469223022,1.3282090425491333,1.2724820375442505,1.307345986366272,675600
2021-12-12,1.36708402633667,1.3673679828643799,1.2176790237426758,1.326902985572815,694302
2021-12-13,1.344230055809021,1.3955579996109009,1.2935309410095215,1.3676689863204956,620543
2021-12-14,1.3312339782714844,1.3817470073699951,1.294664978981018,1.3444620370864868,624757
2021-12-15,1.3649539947509766,1.3743740320205688,1.280729055404663,1.3347129821777344,608142
2021-12-16,1.3696199655532837,1.3801180124282837,1.3155980110168457,1.3647689819335938,544759
2021-12-17,1.3735979795455933,1.3795559406280518,1.3365429639816284,1.370129942893982,602291
2021-12-18,1.368980050086975,1.3883930444717407,1.1966370344161987,1.3735419511795044,573186
2021-12-19,1.3733969926834106,1.3973660469055176,1.298048973083496,1.3688859939575195,646400
2021-12-20,1.4162269830703735,1.4211119413375854,1.3078609704971313,1.3734450340270996,570245
2021-12-21,1.4612090587615967,1.479148030281067,1.3871409893035889,1.4150160551071167,554980
2021-12-22,1.4661790132522583,1.4772369861602783,1.4155319929122925,1.461622953414917,437985
2021-12-23,1.4751709699630737,1.4854910373687744,1.4187010526657104,1.4661669731140137,460612
2021-12-24,1.5191570520401,1.5234309434890747,1.468045949935913,1.4752720594406128,610370
2021-12-25,1.5157179832458496,1.5259560346603394,1.4942539930343628,1.518862009048462,559683
2021-12-26,1.5426340103149414,1.5484479665756226,1.4972569942474365,1.5153299570083618,465748
2021-12-27,1.5559539794921875,1.5737489461898804,1.53849196434021,1.5425690412521362,459730
2021-12-28,1.5540759563446045,1.5645250082015991,1.510511040687561,1.5555510520935059,559759
2021-12-29,1.5392650365829468,1.5666229724884033,1.5221740007400513,1.553344964981079,493714
2021-12-30,1.5479600429534912,1.5559550523757935,1.5001939535140991,1.5389360189437866,360108
2021-12-31,1.6072969436645508,1.7764899730682373,1.5360100269317627,1.5479340553283691,356971
2022-01-01,1.6888439655303955,1.7008719444274902,1.5387070178985596,1.6074810028076172,406992
2022-01-02,1.6874749660491943,1.697437047958374,1.5729559659957886,1.688830018043518,635518
2022-01-03,1.6144490242004395,1.6972529888153076,1.5348360538482666,1.6874630451202393,755632
2022-01-04,1.6693979501724243,1.6783109903335571,1.6141120195388794,1.6144590377807617,762375
2022-01-05,1.617380976676941,1.67302405834198,1.617380976676941,1.6693919897079468,859298
2022-01-06,1.581305980682373,1.618839979171753,1.5708529949188232,1.617318034172058,690300
2022-01-07,1.5564420223236084,1.584077000617981,1.5493119955062866,1.5811820030212402,949828
2022-01-08,1.569053053855896,1.6077510118484497,1.556514024734497,1.556514024734497,824630
2022-01-09,1.6074459552764893,1.632773995399475,1.5448130369186401,1.56905198097229,994403
2022-01-10,1.6677850484848022,1.6724770069122314,1.4946190118789673,1.6074190139770508,923867
2022-01-11,1.6737060546875,1.6763910055160522,1.5984220504760742,1.667749047279358,973399
2022-01-12,1.686337947845459,1.687214970588684,1.6571409702301025,1.6737170219421387,1060262
2022-01-13,1.6495130062103271,1.6897660493850708,1.632665991783142,1.6863349676132202,1005134
2022-01-14,1.6808340549468994,1.6880370378494263,1.6483019590377808,1.649656057357788,893937
2022-01-15,1.6799390316009521,1.6855260133743286,1.678354024887085,1.6808700561523438,743508
2022-01-16,1.6792269945144653,1.686110019683838,1.6608539819717407,1.6800169944763184,892130
2022-01-17,1.6797490119934082,1.6813340187072754,1.6596299409866333,1.6792889833450317,841501
2022-01-18,1.6730289459228516,1.6858940124511719,1.6633780002593994,1.6797239780426025,851856
2022-01-19,1.6945569515228271,1.6949130296707153,1.6699349880218506,1.6730060577392578,839803
2022-01-20,1.6909290552139282,1.7063629627227783,1.6654380559921265,1.6945409774780273,918432
2022-01-21,1.6522669792175293,1.6962480545043945,1.6246349811553955,1.6910840272903442,770413
2022-01-22,1.5453389883041382,1.6559749841690063,1.5257240533828735,1.6524089574813843,822576
2022-01-23,1.550004005432129,1.5995630025863647,1.5244879722595215,1.5455939769744873,765246
2022-01-24,1.6289030313491821,1.6289130449295044,1.5098010301589966,1.5500030517578125,791826
2022-01-25,1.6407779455184937,1.6426409482955933,1.6211459636688232,1.6289119720458984,760738
2022-01-26,1.6463249921798706,1.6753419637680054,1.6005820035934448,1.6407320499420166,528141
2022-01-27,1.5868409872055054,1.6470129489898682,1.5559450387954712,1.646245002746582,642102
2022-01-28,1.6119999885559082,1.6151649951934814,1.5370479822158813,1.586745023727417,625478
2022-01-29,1.6120200157165527,1.6305079460144043,1.5493040084838867,1.6119619607925415,718997
2022-01-30,1.6188629865646362,1.6198689937591553,1.5845049619674683,1.6122699975967407,740851
2022-01-31,1.6608790159225464,1.6651870012283325,1.5850579738616943,1.618891954421997,1054883
2022-02-01,1.6787869930267334,1.6849329471588135,1.654052972793579,1.6608940362930298,742832
2022-02-02,1.6708159446716309,1.6806399822235107,1.6373480558395386,1.678794026374817,955405
2022-02-03,1.6673979759216309,1.6759940385818481,1.6336610317230225,1.6707379817962646,811495
2022-02-04,1.687533974647522,1.6955989599227905,1.6507110595703125,1.6673779487609863,814398
2022-02-05,1.6910879611968994,1.7092050313949585,1.6634269952774048,1.6875289678573608,656590
2022-02-06,1.7114139795303345,1.7123939990997314,1.6748900413513184,1.6910370588302612,698506
2022-02-07,1.6807420253753662,1.7113579511642456,1.6590440273284912,1.7113579511642456,752803
2022-02-08,1.6544510126113892,1.6846439838409424,1.6448780298233032,1.6808749437332153,676354
2022-02-09,1.6369659900665283,1.6556190252304077,1.6143590211868286,1.6542370319366455,819630
2022-02-10,1.6399279832839966,1.6507960557937622,1.6274720430374146,1.637004017829895,753724
2022-02-11,1.6107640266418457,1.648352026939392,1.5773930549621582,1.6400140523910522,634185
2022-02-12,1.5658979415893555,1.6120610237121582,1.5649369955062866,1.6107980012893677,760341
2022-02-13,1.5363119840621948,1.6127510070800781,1.4274539947509766,1.5658220052719116,803594
2022-02-14,1.51364004611969,1.547441005706787,1.4896689653396606,1.5359549522399902,671892
2022-02-15,1.528846025466919,1.5353360176086426,1.4934879541397095,1.5136250257492065,707139
2022-02-16,1.5229949951171875,1.528892993927002,1.478134036064148,1.528892993927002,701424
2022-02-17,1.491428017616272,1.5269759893417358,1.4746149778366089,1.5227940082550049,639823
2022-02-18,1.4939930438995361,1.5000510215759277,1.4642499685287476,1.491534948348999,561255
2022-02-19,1.4797589778900146,1.4976450204849243,1.4766160249710083,1.4939320087432861,512832
2022-02-20,1.4650880098342896,1.482077956199646,1.4572340250015259,1.4797279834747314,548078
2022-02-21,1.4733929634094238,1.4911420345306396,1.4404560327529907,1.4650139808654785,550084
2022-02-22,1.4776389598846436,1.4800989627838135,1.4651939868927002,1.4732929468154907,630536
2022-02-23,1.4813530445098877,1.4842259883880615,1.4644750356674194,1.4776300191879272,543963
2022-02-24,1.5183509588241577,1.521554946899414,1.4457520246505737,1.4813319444656372,588664
2022-02-25,1.549198031425476,1.556900978088379,1.517145037651062,1.51836097240448,579044
2022-02-26,1.548321008682251,1.556460976600647,1.4960999488830566,1.5492019653320312,754930
2022-02-27,1.5368930101394653,1.5519529581069946,1.5156840085983276,1.548259973526001,748815
2022-02-28,1.4675099849700928,1.5472530126571655,1.4440679550170898,1.536892056465149,506792
2022-03-01,1.528465986251831,1.5391310453414917,1.466284990310669,1.467529058456421,409772
2022-03-02,1.5171639919281006,1.548125982284546,1.4798389673233032,1.5284919738769531,276712
2022-03-03,1.485813021659851,1.5454579591751099,1.4405629634857178,1.5171840190887451,128134
2022-03-04,1.5033930540084839,1.5280729532241821,1.4608960151672363,1.4858850240707397,102697
2022-03-05,1.4982160329818726,1.5341449975967407,1.458935022354126,1.5034550428390503,87491
2022-03-06,1.4955090284347534,1.5215250253677368,1.4901180267333984,1.4982320070266724,124369
2022-03-07,1.501688003540039,1.55205500125885,1.4512540102005005,1.4955830574035645,120313
2022-03-08,1.485280990600586,1.5051820278167725,1.4530030488967896,1.5016260147094727,91994
2022-03-09,1.5148340463638306,1.5267540216445923,1.4848439693450928,1.4853260517120361,88604
2022-03-10,1.50455904006958,1.526445984840393,1.4849909543991089,1.5147769451141357,102748
2022-03-11,1.497223973274231,1.512565016746521,1.4647020101547241,1.5045909881591797,105372
2022-03-12,1.4908360242843628,1.4989739656448364,1.4901200532913208,1.4972410202026367,118824
2022-03-13,1.4381120204925537,1.4917689561843872,1.4342930316925049,1.4907130002975464,75437
2022-03-14,1.4737180471420288,1.4988360404968262,1.4378989934921265,1.438088059425354,98991
2022-03-15,1.4829210042953491,1.4839119911193848,1.4335620403289795,1.4737030267715454,100279
2022-03-16,1.4849469661712646,1.4908820390701294,1.432569980621338,1.4829020500183105,83044
2022-03-17,1.504884958267212,1.5151560306549072,1.4481159448623657,1.4849270582199097,91081
2022-03-18,1.5239030122756958,1.5475499629974365,1.4412089586257935,1.5048279762268066,85961
2022-03-19,1.5275110006332397,1.6265380382537842,1.4868149757385254,1.5238850116729736,94305
2022-03-20,1.5113309621810913,1.529574990272522,1.4410300254821777,1.5275100469589233,119445
2022-03-21,1.5101560354232788,1.5700360536575317,1.4849859476089478,1.5113110542297363,109286
2022-03-22,1.511518955230713,1.5181349515914917,1.4298510551452637,1.5101449489593506,116850
2022-03-23,1.5131169557571411,1.5593260526657104,1.4133000373840332,1.5115540027618408,123107
2022-03-24,1.5146210193634033,1.5469720363616943,1.4368629455566406,1.5131560564041138,128604
2022-03-25,1.5023969411849976,1.5215859413146973,1.4655779600143433,1.5146310329437256,118984
2022-03-26,1.486807942390442,1.5045599937438965,1.4311579465866089,1.5024230480194092,126554
2022-03-27,1.4823839664459229,1.5075889825820923,1.4571219682693481,1.4868279695510864,118093
2022-03-28,1.4905840158462524,1.4971239566802979,1.4539719820022583,1.482375979423523,131086
2022-03-29,1.5141010284423828,1.5221359729766846,1.4905060529708862,1.4905060529708862,144446
2022-03-30,1.512658953666687,1.5713889598846436,1.4617940187454224,1.514045000076294,152393
2022-03-31,1.5096850395202637,1.5187499523162842,1.4657210111618042,1.5126490592956543,188218
2022-04-01,1.494928002357483,1.5142550468444824,1.492203950881958,1.5097219944000244,140325
2022-04-02,1.5030699968338013,1.5095820426940918,1.4873600006103516,1.494953989982605,136368
2022-04-03,1.5042610168457031,1.5073440074920654,1.4788360595703125,1.503033995628357,133931
2022-04-04,1.499709963798523,1.5074330568313599,1.470350980758667,1.504228949546814,149671
2022-04-05,1.4842150211334229,1.5028140544891357,1.4837130308151245,1.4997090101242065,126194
2022-04-06,1.4774149656295776,1.4871610403060913,1.4124939441680908,1.4841740131378174,120282
2022-04-07,1.4825010299682617,1.5590989589691162,1.4263490438461304,1.4774110317230225,109621
2022-04-08,1.4660520553588867,1.525501012802124,1.4659730195999146,1.4825040102005005,100114
2022-04-09,1.4737639427185059,1.476747989654541,1.4600590467453003,1.466020941734314,88859
2022-04-10,1.474586009979248,1.4787160158157349,1.4454970359802246,1.473736047744751,121909
2022-04-11,1.459246039390564,1.4760420322418213,1.454653024673462,1.4745539426803589,135075
2022-04-12,1.4752750396728516,1.489851951599121,1.4538819789886475,1.4592889547348022,137243
2022-04-13,1.4870009422302246,1.4908610582351685,1.472795009613037,1.475268006324768,84624
2022-04-14,1.4806989431381226,1.490409016609192,1.4148099422454834,1.487004041671753,90017
2022-04-15,1.482069969177246,1.4836950302124023,1.4793729782104492,1.4806890487670898,108628
2022-04-16,1.4645559787750244,1.4821189641952515,1.4615360498428345,1.482066035270691,103449
2022-04-17,1.464959979057312,1.467020034790039,1.4603019952774048,1.464548945426941,101177
2022-04-18,1.4599109888076782,1.52292001247406,1.405089020729065,1.4649709463119507,95167
2022-04-19,1.456212043762207,1.4601579904556274,1.3426929712295532,1.4599039554595947,97962
2022-04-20,1.4561220407485962,1.4606070518493652,1.3433690071105957,1.4562230110168457,103830
2022-04-21,1.4498339891433716,1.4732680320739746,1.4401849508285522,1.4561229944229126,96438
2022-04-22,1.4439619779586792,1.4520879983901978,1.1526329517364502,1.4498130083084106,102253
2022-04-23,1.4457639455795288,1.4505629539489746,1.4428659677505493,1.443943977355957,100347
2022-04-24,1.4718459844589233,1.4727920293807983,1.4446320533752441,1.445749044418335,82084
2022-04-25,1.4642820358276367,1.4752919673919678,1.2322299480438232,1.471848964691162,93118
2022-04-26,1.4576480388641357,1.4936989545822144,1.441364049911499,1.4642610549926758,86287
2022-04-27,1.4399149417877197,1.4576280117034912,1.4188590049743652,1.4576280117034912,92887
2022-04-28,1.4354649782180786,1.4917019605636597,1.4316489696502686,1.439918041229248,68567
2022-04-29,1.4407010078430176,1.4933559894561768,1.1692440509796143,1.4354770183563232,96482
2022-04-30,1.4412389993667603,1.4443039894104004,1.4386179447174072,1.4406720399856567,66484
2022-05-01,1.4259740114212036,1.4417109489440918,1.4216389656066895,1.4412360191345215,61443
2022-05-02,1.4223599433898926,1.4261410236358643,1.4204620122909546,1.4259560108184814,69958
2022-05-03,1.4272170066833496,1.4272220134735107,1.4116649627685547,1.422355055809021,72436
2022-05-04,1.4238090515136719,1.4294910430908203,1.421314001083374,1.4271819591522217,83407
2022-05-05,1.4183109998703003,1.4395229816436768,1.4183100461959839,1.4238100051879883,66638
2022-05-06,1.4188859462738037,1.4240789413452148,1.4126989841461182,1.4183130264282227,59706
2022-05-07,1.4163880348205566,1.4191009998321533,1.4155679941177368,1.418869972229004,55281
2022-05-08,1.415248990058899,1.4228099584579468,1.4142060279846191,1.4163850545883179,84680
2022-05-09,1.4018579721450806,1.4821879863739014,1.242614984512329,1.4152719974517822,53361
2022-05-10,1.3899539709091187,1.4019919633865356,1.3702280521392822,1.4019089937210083,76818
2022-05-11,1.3056080341339111,1.398466944694519,1.2994680404663086,1.3899519443511963,88679
2022-05-12,1.25040602684021,1.3279019594192505,1.1817959547042847,1.3056199550628662,72685
2022-05-13,1.271124005317688,1.2961260080337524,1.2500300407409668,1.2503000497817993,77963
2022-05-14,1.289425015449524,1.2895900011062622,1.2710360288619995,1.2711290121078491,65453
2022-05-15,1.2924950122833252,1.297234058380127,1.2861260175704956,1.289425015449524,68287
2022-05-16,1.2864270210266113,1.2925150394439697,1.2792999744415283,1.2925150394439697,70369
2022-05-17,1.313357949256897,1.3183950185775757,1.2413259744644165,1.2864190340042114,81175
2022-05-18,1.3167660236358643,1.3194470405578613,1.2656339406967163,1.3133490085601807,77489
2022-05-19,1.3165309429168701,1.3174840211868286,1.307790994644165,1.3167450428009033,69189
2022-05-20,1.3178889751434326,1.3247989416122437,1.2204649448394775,1.3165099620819092,94168
2022-05-21,1.31797194480896,1.342939019203186,1.2628979682922363,1.3179889917373657,74436
2022-05-22,1.330875039100647,1.3391000032424927,1.3165570497512817,1.31796395778656,79661
2022-05-23,1.343390941619873,1.343390941619873,1.3281580209732056,1.330873966217041,79786
2022-05-24,1.3382099866867065,1.3436230421066284,1.3368589878082275,1.343337059020996,60992
2022-05-25,1.3349779844284058,1.3593460321426392,1.3349570035934448,1.338191032409668,71267
2022-05-26,1.3375580310821533,1.3378100395202637,1.3251869678497314,1.3349659442901611,76080
2022-05-27,1.3388400077819824,1.3418070077896118,1.2754169702529907,1.3375509977340698,80180
2022-05-28,1.3389790058135986,1.3410170078277588,1.3334170579910278,1.3346960544586182,68113
2022-05-29,1.3347710371017456,1.3390769958496094,1.331346035003662,1.3389869928359985,65406
2022-05-30,1.3647680282592773,1.3737319707870483,1.2323440313339233,1.3347829580307007,65601
2022-05-31,1.3703429698944092,1.3721150159835815,1.3647710084915161,1.3647710084915161,69719
2022-06-01,1.3570480346679688,1.457213044166565,1.3487240076065063,1.370332956314087,76928
2022-06-02,1.3692079782485962,1.3746819496154785,1.3568660020828247,1.357010006904602,87771
2022-06-03,1.3624340295791626,1.431048035621643,1.2432880401611328,1.369178056716919,70139
2022-06-04,1.3679929971694946,1.3695429563522339,1.3341809511184692,1.3624399900436401,72845
2022-06-05,1.3669029474258423,1.3685760498046875,1.2964179515838623,1.3679879903793335,93717
2022-06-06,1.3707020282745361,1.3738479614257812,1.3337169885635376,1.3668880462646484,90587
2022-06-07,1.3919949531555176,1.3964999914169312,1.3464950323104858,1.370684027671814,94003
2022-06-08,1.378432035446167,1.4128930568695068,1.3783620595932007,1.39199697971344,84806
2022-06-09,1.3779410123825073,1.379809021949768,1.375072956085205,1.3784480094909668,80853
2022-06-10,1.3576469421386719,1.378952980041504,1.2610859870910645,1.3779929876327515,89535
2022-06-11,1.3360869884490967,1.3596689701080322,1.2543489933013916,1.3576509952545166,64891
2022-06-12,1.3292369842529297,1.349943995475769,1.3270740509033203,1.3360730409622192,63673
2022-06-13,1.2724839448928833,1.3293880224227905,1.2568329572677612,1.3292219638824463,67193
2022-06-14,1.2357620000839233,1.2724939584732056,1.2210689783096313,1.2724939584732056,77160
2022-06-15,1.227782964706421,1.2542890310287476,1.1790950298309326,1.2357380390167236,64914
2022-06-16,1.2133140563964844,1.313750982284546,1.0784859657287598,1.2277569770812988,63641
2022-06-17,1.2068220376968384,1.2848609685897827,1.2059509754180908,1.2133389711380005,58326
2022-06-18,0.9729009866714478,1.2918360233306885,0.9238010048866272,1.2067999839782715,64153
2022-06-19,0.9798120260238647,0.9836699962615967,0.939765989780426,0.9728909730911255,60247
2022-06-20,0.9917349815368652,1.2104979753494263,0.9796050190925598,0.9797899723052979,56853
2022-06-21,1.0960479974746704,1.10391104221344,0.9916009902954102,0.9917479753494263,57837
2022-06-22,1.1460239887237549,1.1568759679794312,1.0939879417419434,1.0960479974746704,74305
2022-06-23,1.151047945022583,1.2121150493621826,1.1439729928970337,1.1460249423980713,69347
2022-06-24,1.1602009534835815,1.1622660160064697,1.150189995765686,1.1510239839553833,75778
2022-06-25,1.175860047340393,1.1759190559387207,1.159608006477356,1.1602139472961426,73854
2022-06-26,1.1936880350112915,1.2029459476470947,1.1726289987564087,1.1758639812469482,74390
2022-06-27,1.1878520250320435,1.3097679615020752,1.0454699993133545,1.1937600374221802,59188
2022-06-28,1.2247990369796753,1.2264189720153809,1.1831450462341309,1.1878650188446045,69274
2022-06-29,1.2123019695281982,1.298969030380249,1.2122399806976318,1.2248140573501587,66828
2022-06-30,1.1569219827651978,1.2169890403747559,1.024938941001892,1.212306022644043,72750
2022-07-01,1.2141920328140259,1.2202190160751343,1.156919002532959,1.1569689512252808,66038
2022-07-02,1.2128839492797852,1.2193349599838257,1.2124910354614258,1.2141779661178589,74740
2022-07-03,1.212237000465393,1.2165709733963013,1.2105109691619873,1.2128759622573853,67140
2022-07-04,1.183905005455017,1.2149360179901123,1.1819839477539062,1.2122279405593872,56797
2022-07-05,1.1981799602508545,1.1995329856872559,1.1798820495605469,1.1839170455932617,64254
2022-07-06,1.2033649682998657,1.204584002494812,1.1612540483474731,1.1981849670410156,61695
2022-07-07,1.2123039960861206,1.2132439613342285,1.1593849658966064,1.203354001045227,54779
2022-07-08,1.2312949895858765,1.2336970567703247,1.2115010023117065,1.2122609615325928,52131
2022-07-09,1.2313979864120483,1.2395639419555664,1.2283170223236084,1.2312999963760376,67187
2022-07-10,1.2179900407791138,1.2351850271224976,1.1674920320510864,1.2313979864120483,60148
2022-07-11,1.2066270112991333,1.220078945159912,1.2024199962615967,1.2179800271987915,63048
2022-07-12,1.195673942565918,1.2071930170059204,1.1919339895248413,1.2066270112991333,62890
2022-07-13,1.1977519989013672,1.2021770477294922,1.1944350004196167,1.1956729888916016,55349
2022-07-14,1.184973955154419,1.2001219987869263,1.1580499410629272,1.1977640390396118,51332
2022-07-15,1.2195940017700195,1.219743013381958,1.1849479675292969,1.1849479675292969,55535
2022-07-16,1.2473299503326416,1.2585580348968506,1.2137019634246826,1.219588041305542,59183
2022-07-17,1.2725199460983276,1.2729909420013428,1.2454630136489868,1.2473360300064087,50921
2022-07-18,1.2660880088806152,1.2771899700164795,1.2563029527664185,1.2725110054016113,61377
2022-07-19,1.2987810373306274,1.3480199575424194,1.2660939693450928,1.2660980224609375,66967
2022-07-20,1.2758220434188843,1.3029780387878418,1.1815379858016968,1.2987860441207886,59061
2022-07-21,1.2861100435256958,1.300057053565979,1.24065101146698,1.2758029699325562,68014
2022-07-22,1.2727550268173218,1.3247569799423218,1.2727550268173218,1.2861119508743286,70602
2022-07-23,1.2972819805145264,1.307492971420288,1.2675880193710327,1.2727550268173218,84930
2022-07-24,1.2925679683685303,1.3067829608917236,1.2840009927749634,1.2972790002822876,69599
2022-07-25,1.2502919435501099,1.2935329675674438,0.9400439858436584,1.292570948600769,99431
2022-07-26,1.1968669891357422,1.250298023223877,1.1862820386886597,1.250298023223877,116361
2022-07-27,1.1330759525299072,1.212514042854309,1.0985939502716064,1.1968679428100586,68347
2022-07-28,1.1932320594787598,1.2030370235443115,1.1238600015640259,1.1330920457839966,65383
2022-07-29,0.9583979845046997,1.2190380096435547,0.9547600150108337,1.1932380199432373,73523
2022-07-30,1.1339800357818604,1.2705800533294678,0.954721987247467,0.9583969712257385,49866
2022-07-31,1.0832550525665283,1.2713379859924316,0.9547510147094727,1.133970022201538,50186
2022-08-01,1.0843160152435303,1.0929540395736694,0.9560800194740295,1.0832489728927612,65059
2022-08-02,1.0853040218353271,1.235988974571228,0.9546470046043396,1.0843230485916138,60732
2022-08-03,1.1076970100402832,1.111111044883728,0.9546290040016174,1.0852919816970825,46237
2022-08-04,1.1204990148544312,1.1827059984207153,0.9714949727058411,1.107699990272522,50738
2022-08-05,1.1470119953155518,1.1484260559082031,0.9546729922294617,1.1204760074615479,61046
2022-08-06,1.089264988899231,1.1504089832305908,0.967648983001709,1.147009015083313,46833
2022-08-07,1.15687894821167,1.1618510484695435,1.0861140489578247,1.0892679691314697,42138
2022-08-08,1.1031889915466309,1.1613030433654785,1.1016960144042969,1.1568959951400757,127673
2022-08-09,1.0849289894104004,1.1064050197601318,1.0636659860610962,1.1031800508499146,271901
2022-08-10,1.0870970487594604,1.0956979990005493,1.059541940689087,1.084926962852478,330457
2022-08-11,1.0742820501327515,1.09306800365448,1.0399600267410278,1.0870959758758545,312451
2022-08-12,1.0356800556182861,1.0833380222320557,1.0230289697647095,1.0742770433425903,129723
2022-08-13,1.1020350456237793,1.1355210542678833,1.03568696975708,1.03568696975708,56243
2022-08-14,1.0994160175323486,1.1409419775009155,1.0978150367736816,1.102025032043457,51482
2022-08-15,1.10303795337677,1.133376955986023,1.091863989830017,1.099403977394104,53774
2022-08-16,1.1268290281295776,1.1431219577789307,1.0933469533920288,1.1030319929122925,50853
2022-08-17,1.1172300577163696,1.1284339427947998,1.1001540422439575,1.1268409490585327,52954
2022-08-18,1.0782419443130493,1.12956702709198,1.0642470121383667,1.1172289848327637,85974
2022-08-19,1.0509159564971924,1.0820930004119873,1.0105550289154053,1.0782339572906494,130943
2022-08-20,1.0184580087661743,1.0671290159225464,1.0102219581604004,1.0509090423583984,129038
2022-08-21,1.0186690092086792,1.051826000213623,0.7992619872093201,1.0184589624404907,115474
2022-08-22,1.065708041191101,1.0811009407043457,1.0086549520492554,1.0186740159988403,95257
2022-08-23,1.1262860298156738,1.1557220220565796,0.9970420002937317,1.0657069683074951,116522
2022-08-24,1.132619023323059,1.1400279998779297,0.9832919836044312,1.1262860298156738,102565
2022-08-25,1.1040619611740112,1.1531970500946045,0.1337289959192276,1.132612943649292,96502
2022-08-26,1.0732150077819824,1.1211069822311401,1.0155689716339111,1.1040600538253784,79940
2022-08-27,1.0602580308914185,1.0798519849777222,1.0189670324325562,1.0732300281524658,90646
2022-08-28,1.0558840036392212,1.0692720413208008,1.0557119846343994,1.0602530241012573,91084
2022-08-29,1.0487060546875,1.0675309896469116,1.0469169616699219,1.055907964706421,85392
2022-08-30,1.0591620206832886,1.0768589973449707,1.0078599452972412,1.048712968826294,85063
2022-08-31,1.0529190301895142,1.0692230463027954,1.0515470504760742,1.0591720342636108,91503
2022-09-01,1.0600789785385132,1.0653029680252075,1.049062967300415,1.0529170036315918,80316
2022-09-02,1.0386170148849487,1.060811996459961,1.0277849435806274,1.0600639581680298,75113
2022-09-03,1.0404490232467651,1.0517170429229736,1.0278899669647217,1.0386179685592651,81443
2022-09-04,1.0487309694290161,1.0569119453430176,1.0400580167770386,1.0404510498046875,71280
2022-09-05,1.0477110147476196,1.056061029434204,1.0469809770584106,1.0487309694290161,76659
2022-09-06,1.030197024345398,1.0552879571914673,1.0295300483703613,1.047698974609375,80733
2022-09-07,0.9772859811782837,1.043900966644287,0.9764289855957031,1.0301569700241089,77049
2022-09-08,1.020740032196045,1.0212459564208984,0.9292870163917542,0.977275013923645,75725
2022-09-09,1.01556396484375,1.0239249467849731,0.9191309809684753,1.0207329988479614,69468
2022-09-10,1.0016560554504395,1.0252419710159302,0.9206230044364929,1.01556396484375,81469
2022-09-11,0.9936280250549316,1.0326199531555176,0.9933180212974548,1.001654028892517,64542
2022-09-12,1.0024110078811646,1.0338619947433472,0.9934719800949097,0.9936320185661316,57248
2022-09-13,0.9952089786529541,1.0309139490127563,0.916504979133606,1.0023679733276367,55152
2022-09-14,0.9759740233421326,0.9992650151252747,0.9168490171432495,0.9170669913291931,57059
2022-09-15,0.9163470268249512,0.9929080009460449,0.9162179827690125,0.975970983505249,45236
2022-09-16,0.9126200079917908,0.9920250177383423,0.9115989804267883,0.91634601354599,79258
2022-09-17,0.914870023727417,1.0031789541244507,0.9110040068626404,0.9126200079917908,64789
2022-09-18,0.9186649918556213,0.9476040005683899,0.9122459888458252,0.9148690104484558,59732
2022-09-19,0.916920006275177,1.0012589693069458,0.9155629873275757,0.9186509847640991,58710
2022-09-20,0.9276430010795593,0.9664369821548462,0.9143890142440796,0.9169179797172546,66921
2022-09-21,0.9453960061073303,0.9666900038719177,0.9275209903717041,0.9276379942893982,59183
2022-09-22,0.9417579770088196,0.9640709757804871,0.9408029913902283,0.9454150199890137,60035
2022-09-23,0.942296028137207,0.9580389857292175,0.9407719969749451,0.9417679905891418,47113
2022-09-24,0.9418190121650696,0.9635239839553833,0.9283980131149292,0.942296028137207,57899
2022-09-25,0.9602559804916382,0.9641450047492981,0.9411789774894714,0.9418219923973083,60259
2022-09-26,0.9279929995536804,0.9656090140342712,0.9275310039520264,0.9602479934692383,64240
2022-09-27,0.9266939759254456,0.9569969773292542,0.926675021648407,0.9279879927635193,65228
2022-09-28,0.9355959892272949,0.9524310231208801,0.9225159883499146,0.9266930222511292,59022
2022-09-29,0.9188079833984375,0.9356150031089783,0.9184049963951111,0.9356150031089783,61846
2022-09-30,0.9118710160255432,0.9230340123176575,0.9057610034942627,0.9188050031661987,78368
2022-10-01,0.9019629955291748,0.9161170125007629,0.9017869830131531,0.9118829965591431,59314
2022-10-02,0.8899909853935242,0.9060739874839783,0.8830059766769409,0.9019650220870972,40879
2022-10-03,0.9054470062255859,0.9163860082626343,0.8897200226783752,0.8899880051612854,46198
2022-10-04,0.9099360108375549,0.9148120284080505,0.9032670259475708,0.9054489731788635,60197
2022-10-05,0.9056820273399353,0.9137899875640869,0.9037269949913025,0.9099349975585938,54042
2022-10-06,0.897737979888916,0.9108030200004578,0.8971869945526123,0.9056779742240906,47389
2022-10-07,0.9022529721260071,0.9060159921646118,0.897229015827179,0.8977239727973938,52741
2022-10-08,0.9043689966201782,0.9128739833831787,0.9013170003890991,0.9022560119628906,48490
2022-10-09,0.9031850099563599,0.9086949825286865,0.902226984500885,0.9043650031089783,86576
2022-10-10,0.850911021232605,0.9086740016937256,0.8506929874420166,0.903186023235321,64128
2022-10-11,0.8265159726142883,0.8881779909133911,0.8264420032501221,0.8509029746055603,57839
2022-10-12,0.8280850052833557,0.8499889969825745,0.7981320023536682,0.8265320062637329,47659
2022-10-13,0.8218960165977478,0.8436319828033447,0.821645975112915,0.8280770182609558,47055
2022-10-14,0.8190619945526123,0.8451740145683289,0.8186360001564026,0.8219000101089478,42551
2022-10-15,0.8208590149879456,0.8477309942245483,0.7964019775390625,0.8190619945526123,44836
2022-10-16,0.8209329843521118,0.8507480025291443,0.8203070163726807,0.8208569884300232,47759
2022-10-17,0.8527359962463379,0.8703789710998535,0.8209289908409119,0.8209360241889954,55128
2022-10-18,0.8761450052261353,0.8761450052261353,0.8523499965667725,0.8527349829673767,54619
2022-10-19,0.8842509984970093,0.8843740224838257,0.8760309815406799,0.8761439919471741,52336
2022-10-20,0.880994975566864,0.8842939734458923,0.7723820209503174,0.884257972240448,68
2022-10-21,0.8811079859733582,0.8811249732971191,0.8809369802474976,0.8809999823570251,21
2022-10-22,0.22421899437904358,0.8811669945716858,0.09090600162744522,0.8811089992523193,4284
2022-10-23,0.1726129949092865,0.2275180071592331,0.1613049954175949,0.22421400249004364,283
2022-10-24,0.10200600326061249,0.1947229951620102,0.10200399905443192,0.1726119965314865,174
2022-10-25,0.10212100297212601,0.10212600231170654,0.1020049974322319,0.1020049974322319,0
2022-10-26,0.16480399668216705,0.23154999315738678,0.10211700201034546,0.10211999714374542,35
2022-10-27,0.09100800007581711,0.16527199745178223,0.09100499749183655,0.16480499505996704,32
2022-10-28,0.09101299941539764,0.09102000296115875,0.09100499749183655,0.0910089984536171,8
2022-10-29,0.025405999273061752,0.0990229994058609,0.025107000023126602,0.09101299941539764,493
2022-10-30,0.017002999782562256,0.030007999390363693,0.011901999823749065,0.025405999273061752,219
2022-10-31,0.012999000027775764,0.029205000028014183,0.012999000027775764,0.017002999782562256,3
2022-11-01,0.013794999569654465,0.02786099910736084,0.01299699954688549,0.012999000027775764,15
2022-11-02,0.013000000268220901,0.013899000361561775,0.012999000027775764,0.013794999569654465,12
2022-11-03,0.013100000098347664,0.025001000612974167,0.012999000027775764,0.013000000268220901,72
2022-11-04,0.014801000244915485,0.014801999554038048,0.013100000098347664,0.013100000098347664,8
2022-11-05,0.014801999554038048,0.014802999794483185,0.014801000244915485,0.014801000244915485,0
2022-11-06,0.014801000244915485,0.014801999554038048,0.014800000004470348,0.014801999554038048,0
2022-11-07,0.014801000244915485,0.014801999554038048,0.014801000244915485,0.014801000244915485,0
2022-11-08,0.014800000004470348,0.014808000065386295,0.014800000004470348,0.014801000244915485,0
2022-11-09,0.014778999611735344,0.014801000244915485,0.014778000302612782,0.014801000244915485,0
2022-11-10,0.01476799976080656,0.014785000123083591,0.014526999555528164,0.014779999852180481,0
2022-11-11,0.014774000272154808,0.014778999611735344,0.01475400011986494,0.01476799976080656,0
2022-11-12,0.014779999852180481,0.014782999642193317,0.014767000451683998,0.014773000031709671,0
2022-11-13,0.014782000333070755,0.014786000363528728,0.014777000062167645,0.014779999852180481,0
2022-11-14,0.014785000123083591,0.029536999762058258,0.014778999611735344,0.014782000333070755,0
2022-11-15,0.014786999672651291,0.014789000153541565,0.014782000333070755,0.014786000363528728,0
2022-11-16,0.014789000153541565,0.014790999703109264,0.014785000123083591,0.014786999672651291,0
2022-11-17,0.014790999703109264,0.014794999733567238,0.014787999913096428,0.014789000153541565,0
2022-11-18,0.009991999715566635,0.014791999943554401,0.00203699991106987,0.014790999703109264,55
2022-11-19,0.014786999672651291,0.014787999913096428,0.009991000406444073,0.009991999715566635,0
2022-11-20,0.014785000123083591,0.014787999913096428,0.014782000333070755,0.014786000363528728,0
2022-11-21,0.00392800010740757,0.014786999672651291,0.00392800010740757,0.014785000123083591,0
2022-11-22,0.001133000012487173,0.00548599986359477,0.0010979999788105488,0.00392800010740757,0
2022-11-23,0.014787999913096428,0.014789000153541565,0.0011320000048726797,0.0011340000201016665,0
2022-11-24,0.014790999703109264,0.014793000183999538,0.014786999672651291,0.014787999913096428,0
2022-11-25,0.0010000000474974513,0.014793000183999538,0.000999000039882958,0.014790999703109264,17
2022-11-26,0.014794000424444675,0.014794000424444675,0.0010000000474974513,0.0010000000474974513,0
2022-11-27,0.014794000424444675,0.014794999733567238,0.014793000183999538,0.014794000424444675,0
2022-11-28,0.014794999733567238,0.014797000214457512,0.014794000424444675,0.014794000424444675,0
2022-11-29,0.014795999974012375,0.014797000214457512,0.014794000424444675,0.014794999733567238,0
2022-11-30,0.014800000004470348,0.014801000244915485,0.014794999733567238,0.014795999974012375,0
2022-12-01,0.014801000244915485,0.014801000244915485,0.014798999764025211,0.014800000004470348,0
2022-12-02,0.014801000244915485,0.014801999554038048,0.014800000004470348,0.014801000244915485,0
2022-12-03,0.014801000244915485,0.014801999554038048,0.014800000004470348,0.014801000244915485,0
2022-12-04,0.014801999554038048,0.014802999794483185,0.014800000004470348,0.014801000244915485,0
2022-12-05,0.014801000244915485,0.014802999794483185,0.014801000244915485,0.014801999554038048,0
2022-12-06,0.014801000244915485,0.014801999554038048,0.014801000244915485,0.014801000244915485,0
2022-12-07,0.014800000004470348,0.014801999554038048,0.014800000004470348,0.014801000244915485,0
2022-12-08,0.014801999554038048,0.014801999554038048,0.014800000004470348,0.014800000004470348,0
2022-12-09,0.014801000244915485,0.014801999554038048,0.014801000244915485,0.014801999554038048,0
2022-12-10,0.014801000244915485,0.014801000244915485,0.014800000004470348,0.014801000244915485,0
2022-12-11,0.014801000244915485,0.014801999554038048,0.014800000004470348,0.014800000004470348,0
2022-12-12,0.014801999554038048,0.014802999794483185,0.010871999897062778,0.014801000244915485,0
2022-12-13,0.014800000004470348,0.014808000065386295,0.014800000004470348,0.014801999554038048,0
2022-12-14,0.014801999554038048,0.014801999554038048,0.014798999764025211,0.014800000004470348,0
2022-12-15,0.014801000244915485,0.014802999794483185,0.014801000244915485,0.014801999554038048,0
2022-12-16,0.014801999554038048,0.014802999794483185,0.014800000004470348,0.014801000244915485,0
2022-12-17,0.014801999554038048,0.014804000034928322,0.014801000244915485,0.014801999554038048,0
2022-12-18,0.014801999554038048,0.014802999794483185,0.014801000244915485,0.014801999554038048,0
2022-12-19,0.014801000244915485,0.014802999794483185,0.014801000244915485,0.014801999554038048,0
2022-12-20,0.014801999554038048,0.014802999794483185,0.014801000244915485,0.014801000244915485,0
2022-12-21,0.014801000244915485,0.014802999794483185,0.014801000244915485,0.014801000244915485,0
2022-12-22,0.014800000004470348,0.014801999554038048,0.014800000004470348,0.014801000244915485,0
2022-12-23,0.014800000004470348,0.014801000244915485,0.014798999764025211,0.014800000004470348,0
2022-12-24,0.014800000004470348,0.014801000244915485,0.014798999764025211,0.014800000004470348,0
2022-12-25,0.014798999764025211,0.014801000244915485,0.014798000454902649,0.014800000004470348,0
2022-12-26,0.014800000004470348,0.014800000004470348,0.014798000454902649,0.014798999764025211,0
2022-12-27,0.014798000454902649,0.014800000004470348,0.014797000214457512,0.014798999764025211,0
2022-12-28,0.014794999733567238,0.014798999764025211,0.014794999733567238,0.014798000454902649,0
2022-12-29,0.014795999974012375,0.014798000454902649,0.014794000424444675,0.014794999733567238,0
2022-12-30,0.014794999733567238,0.014797000214457512,0.014794999733567238,0.014795999974012375,0
2022-12-31,0.014794999733567238,0.014797000214457512,0.014794999733567238,0.014794999733567238,0
2023-01-01,0.014794999733567238,0.014795999974012375,0.014794000424444675,0.014794999733567238,0
2023-01-02,0.014797000214457512,0.014798000454902649,0.014794000424444675,0.014794999733567238,0
2023-01-03,0.014795999974012375,0.014798000454902649,0.014795999974012375,0.014797000214457512,0
2023-01-04,0.0029990000184625387,0.014797000214457512,0.0029990000184625387,0.014795999974012375,13
2023-01-05,0.014795999974012375,0.014798999764025211,0.0029990000184625387,0.0029990000184625387,0
2023-01-06,0.014795999974012375,0.014798000454902649,0.014794000424444675,0.014795999974012375,0
2023-01-07,0.02993999980390072,0.02993999980390072,0.002005999907851219,0.014795999974012375,0
2023-01-08,0.029997000470757484,0.02999899908900261,0.02993899956345558,0.02993999980390072,0
2023-01-09,0.014800000004470348,0.029999999329447746,0.014798999764025211,0.029997000470757484,0
2023-01-10,0.014801000244915485,0.014801999554038048,0.014798999764025211,0.014800000004470348,0
2023-01-11,0.014800000004470348,0.014801999554038048,0.014800000004470348,0.014801000244915485,0
2023-01-12,0.014801000244915485,0.014801999554038048,0.014798999764025211,0.014801000244915485,0
2023-01-13,0.002001000102609396,0.014801999554038048,0.002001000102609396,0.014801999554038048,0
2023-01-14,0.002001000102609396,0.002001000102609396,0.0020000000949949026,0.002001000102609396,44
2023-01-15,0.0006000000284984708,0.014805000275373459,0.0006000000284984708,0.002001000102609396,14
2023-01-16,0.0001500000071246177,0.028012000024318695,0.0001500000071246177,0.0006000000284984708,30
2023-01-17,0.0001500000071246177,0.014801999554038048,0.0001500000071246177,0.0001500000071246177,50
2023-01-18,0.013949999585747719,0.014802999794483185,0.0001500000071246177,0.0001500000071246177,2
2023-01-19,0.013949999585747719,0.013950999826192856,0.013949000276625156,0.013949999585747719,0
2023-01-20,0.013952000066637993,0.01395300030708313,0.013949000276625156,0.013949999585747719,0
2023-01-21,0.014802999794483185,0.014805999584496021,0.013952000066637993,0.013952000066637993,0
2023-01-22,0.014802999794483185,0.014804000034928322,0.014801999554038048,0.014802999794483185,0
2023-01-23,0.014802999794483185,0.014804000034928322,0.014801000244915485,0.014802999794483185,0
2023-01-24,0.014801999554038048,0.014805000275373459,0.014801000244915485,0.014802999794483185,0
2023-01-25,0.014802999794483185,0.014804000034928322,0.014801000244915485,0.014801999554038048,0
2023-01-26,0.014801000244915485,0.014804000034928322,0.014801000244915485,0.014802999794483185,0
2023-01-27,0.014802999794483185,0.014804000034928322,0.014801000244915485,0.014801000244915485,0
2023-01-28,0.014802999794483185,0.014804000034928322,0.014801999554038048,0.014802999794483185,0
2023-01-29,0.014801000244915485,0.014805000275373459,0.014801000244915485,0.014802999794483185,0
2023-01-30,0.014801000244915485,0.014801999554038048,0.014801000244915485,0.014801000244915485,0
2023-01-31,0.014801999554038048,0.014802999794483185,0.014800000004470348,0.014801000244915485,0
2023-02-01,0.014801000244915485,0.014804000034928322,0.014801000244915485,0.014801999554038048,0
2023-02-02,0.014801999554038048,0.014805000275373459,0.014801000244915485,0.014801000244915485,0
2023-02-03,0.014801999554038048,0.014804000034928322,0.014801000244915485,0.014801999554038048,0
2023-02-04,0.014801000244915485,0.014801999554038048,0.014801000244915485,0.014801999554038048,0
2023-02-05,0.014802999794483185,0.014804000034928322,0.014801000244915485,0.014801000244915485,0
2023-02-06,0.014801999554038048,0.014804000034928322,0.014801000244915485,0.014802999794483185,0
2023-02-07,0.014801000244915485,0.014804000034928322,0.014800000004470348,0.014801000244915485,0
2023-02-08,0.014801999554038048,0.014804000034928322,0.014801000244915485,0.014801000244915485,0
2023-02-09,0.014801999554038048,0.014804000034928322,0.014800000004470348,0.014801999554038048,0
2023-02-10,0.014801999554038048,0.014805000275373459,0.014801999554038048,0.014801999554038048,0
2023-02-11,0.014801999554038048,0.014804000034928322,0.014801000244915485,0.014802999794483185,0
2023-02-12,0.014802999794483185,0.014804000034928322,0.014801999554038048,0.014801999554038048,0
2023-02-13,0.014813999645411968,0.014836999587714672,0.014801999554038048,0.014802999794483185,0
2023-02-14,0.014805999584496021,0.01481700036674738,0.014805000275373459,0.014813999645411968,0
2023-02-15,0.014802999794483185,0.014808000065386295,0.014802999794483185,0.014805999584496021,0
2023-02-16,0.014801999554038048,0.014805000275373459,0.014801000244915485,0.014802999794483185,0
2023-02-17,0.014802999794483185,0.014804000034928322,0.014801999554038048,0.014801999554038048,0
2023-02-18,0.014802999794483185,0.014805000275373459,0.014801999554038048,0.014802999794483185,0
2023-02-19,0.014804000034928322,0.014804000034928322,0.014801999554038048,0.014802999794483185,0
2023-02-20,0.014802999794483185,0.014804000034928322,0.014801999554038048,0.014804000034928322,0
2023-02-21,0.014801999554038048,0.014802999794483185,0.014801000244915485,0.014802999794483185,0
2023-02-22,0.014801000244915485,0.014805000275373459,0.014801000244915485,0.014801999554038048,0
2023-02-23,0.014801999554038048,0.014802999794483185,0.014801000244915485,0.014801000244915485,0
2023-02-24,0.014801000244915485,0.014802999794483185,0.014800000004470348,0.014801999554038048,0
2023-02-25,0.014801999554038048,0.014802999794483185,0.014801000244915485,0.014801000244915485,0
2023-02-26,0.014801000244915485,0.014802999794483185,0.014801000244915485,0.014801999554038048,0
2023-02-27,0.014802999794483185,0.014802999794483185,0.014801000244915485,0.014801000244915485,0
2023-02-28,0.014801999554038048,0.014804000034928322,0.014801000244915485,0.014801999554038048,0
2023-03-01,0.014801999554038048,0.014805000275373459,0.014801000244915485,0.014802999794483185,0
2023-03-02,0.014801000244915485,0.014805000275373459,0.014800000004470348,0.014801999554038048,0
2023-03-03,0.014801000244915485,0.014805000275373459,0.014801000244915485,0.014801000244915485,0
2023-03-04,0.014801999554038048,0.014804000034928322,0.014801000244915485,0.014801000244915485,0
2023-03-05,0.014801999554038048,0.014804000034928322,0.014801000244915485,0.014801999554038048,0
2023-03-06,0.014800000004470348,0.014801999554038048,0.014800000004470348,0.014801000244915485,0
2023-03-07,0.014800000004470348,0.014801000244915485,0.014798999764025211,0.014800000004470348,0
2023-03-08,0.014800000004470348,0.014801000244915485,0.014798999764025211,0.014800000004470348,0
2023-03-09,0.014800000004470348,0.014801000244915485,0.014797000214457512,0.014800000004470348,0
2023-03-10,0.014844999648630619,0.014851000159978867,0.014798000454902649,0.014800000004470348,0
2023-03-11,0.014936000108718872,0.015406999737024307,0.014764999970793724,0.014844999648630619,0
2023-03-12,0.014910000376403332,0.015042000450193882,0.014891000464558601,0.014933999627828598,0
2023-03-13,0.014863000251352787,0.014953999780118465,0.014816000126302242,0.014910999685525894,0
2023-03-14,0.014848999679088593,0.014922999776899815,0.014817999675869942,0.01486200001090765,0
2023-03-15,0.014856000430881977,0.014883000403642654,0.014821999706327915,0.01484800036996603,0
2023-03-16,0.014832000248134136,0.014863000251352787,0.01481700036674738,0.01485699974000454,0
2023-03-17,0.014836999587714672,0.01485699974000454,0.014813000336289406,0.014832000248134136,0
2023-03-18,0.01483600027859211,0.014859000220894814,0.014790000393986702,0.014836999587714672,0
2023-03-19,0.014844000339508057,0.014860999770462513,0.014829999767243862,0.01483600027859211,0
2023-03-20,0.014826999977231026,0.014864999800920486,0.01481700036674738,0.01484300009906292,0
2023-03-21,0.014826999977231026,0.014853999949991703,0.014802999794483185,0.014828000217676163,0
2023-03-22,0.014826999977231026,0.014844999648630619,0.014785000123083591,0.014826999977231026,0
2023-03-23,0.014816000126302242,0.01484300009906292,0.014810999855399132,0.014825999736785889,0
2023-03-24,0.014818999916315079,0.014825999736785889,0.014677999541163445,0.014816000126302242,0
2023-03-25,0.014812000095844269,0.01482400018721819,0.014805999584496021,0.014818999916315079,0
2023-03-26,0.014812000095844269,0.0148290004581213,0.014808000065386295,0.014812000095844269,0
2023-03-27,0.014802999794483185,0.014814999885857105,0.014775999821722507,0.014812000095844269,0
2023-03-28,0.014805000275373459,0.014813000336289406,0.014794999733567238,0.014802999794483185,0
2023-03-29,0.014801000244915485,0.014810999855399132,0.014794999733567238,0.014805000275373459,0
2023-03-30,0.014802999794483185,0.014809000305831432,0.014791999943554401,0.014801999554038048,0
2023-03-31,0.014805000275373459,0.014809999614953995,0.014790000393986702,0.014802999794483185,0
2023-04-01,0.014802999794483185,0.014810999855399132,0.014797000214457512,0.014805000275373459,0
2023-04-02,0.014802999794483185,0.014806999824941158,0.014797000214457512,0.014805000275373459,0
2023-04-03,0.014800000004470348,0.014809999614953995,0.014797000214457512,0.014802999794483185,0
2023-04-04,0.014804000034928322,0.014809999614953995,0.014791999943554401,0.014800000004470348,0
2023-04-05,0.014801000244915485,0.014809000305831432,0.014794999733567238,0.014804000034928322,0
2023-04-06,0.014805999584496021,0.014816000126302242,0.014790999703109264,0.014801000244915485,0
2023-04-07,0.014809999614953995,0.014821000397205353,0.014790999703109264,0.014805999584496021,0
2023-04-08,0.014806999824941158,0.014813000336289406,0.014801999554038048,0.014809999614953995,0
2023-04-09,0.014806999824941158,0.014813000336289406,0.014800000004470348,0.014808000065386295,0
2023-04-10,0.014808000065386295,0.014884999953210354,0.014797000214457512,0.014806999824941158,0
2023-04-11,0.014812000095844269,0.01481700036674738,0.014795999974012375,0.014809000305831432,0
2023-04-12,0.014812000095844269,0.014831000007689,0.014781000092625618,0.014813000336289406,0
2023-04-13,0.014814999885857105,0.014822999946773052,0.014804000034928322,0.014808000065386295,0
2023-04-14,0.014813000336289406,0.014832999557256699,0.014802999794483185,0.014816000126302242,0
2023-04-15,0.014813000336289406,0.014817999675869942,0.014805000275373459,0.014813000336289406,0
2023-04-16,0.014806999824941158,0.014840999618172646,0.014795999974012375,0.014813000336289406,0
2023-04-17,0.014809000305831432,0.014816000126302242,0.014800000004470348,0.014808000065386295,0
2023-04-18,0.014805999584496021,0.014812000095844269,0.014798999764025211,0.014808000065386295,0
2023-04-19,0.014805000275373459,0.014814999885857105,0.01477499958127737,0.014805999584496021,0
2023-04-20,0.014801999554038048,0.01482400018721819,0.014786000363528728,0.014805000275373459,0
2023-04-21,0.014801999554038048,0.014810999855399132,0.01476799976080656,0.014801999554038048,0
2023-04-22,0.014801999554038048,0.014816000126302242,0.014794999733567238,0.014801999554038048,0
2023-04-23,0.014798999764025211,0.014809000305831432,0.014795999974012375,0.014801999554038048,0
2023-04-24,0.014801999554038048,0.014812000095844269,0.014794000424444675,0.014800000004470348,0
2023-04-25,0.014801000244915485,0.014814999885857105,0.014794000424444675,0.014801999554038048,0
2023-04-26,0.014805999584496021,0.014829999767243862,0.014752999879419804,0.014801000244915485,0
2023-04-27,0.014801999554038048,0.014836999587714672,0.014786999672651291,0.014805999584496021,0
2023-04-28,0.014810999855399132,0.014817999675869942,0.014791999943554401,0.014802999794483185,0
2023-04-29,0.014808000065386295,0.014820000156760216,0.014805000275373459,0.014812000095844269,0
2023-04-30,0.014805999584496021,0.014821000397205353,0.014801000244915485,0.014808000065386295,0
2023-05-01,0.014805000275373459,0.014813999645411968,0.014777000062167645,0.014805999584496021,0
2023-05-02,0.014805000275373459,0.014817999675869942,0.014794999733567238,0.014805000275373459,0
2023-05-03,0.014805000275373459,0.014820000156760216,0.014790999703109264,0.014805999584496021,0
2023-05-04,0.014809999614953995,0.014813999645411968,0.014801999554038048,0.014805000275373459,0
2023-05-05,0.014809999614953995,0.014809999614953995,0.014809999614953995,0.014809999614953995,0
2023-05-06,0.014809999614953995,0.014809999614953995,0.014809999614953995,0.014809999614953995,0
2023-05-07,0.014809999614953995,0.014809999614953995,0.014809999614953995,0.014809999614953995,0
2023-05-08,0.014809999614953995,0.014809999614953995,0.014809999614953995,0.014809999614953995,0
2023-05-09,0.014809999614953995,0.014809999614953995,0.014809999614953995,0.014809999614953995,0
2023-05-10,0.014809999614953995,0.014809999614953995,0.014809999614953995,0.014809999614953995,0
2023-05-11,0.014809999614953995,0.014809999614953995,0.014809999614953995,0.014809999614953995,0
